-- phpMyAdmin SQL Dump
-- version 5.0.4deb2+deb11u2
-- https://www.phpmyadmin.net/
--
-- Host: localhost:3306
-- Generation Time: Oct 18, 2025 at 04:16 PM
-- Server version: 10.5.29-MariaDB-0+deb11u1
-- PHP Version: 7.4.33

SET SQL_MODE = "NO_AUTO_VALUE_ON_ZERO";
START TRANSACTION;
SET time_zone = "+00:00";


/*!40101 SET @OLD_CHARACTER_SET_CLIENT=@@CHARACTER_SET_CLIENT */;
/*!40101 SET @OLD_CHARACTER_SET_RESULTS=@@CHARACTER_SET_RESULTS */;
/*!40101 SET @OLD_COLLATION_CONNECTION=@@COLLATION_CONNECTION */;
/*!40101 SET NAMES utf8mb4 */;

--
-- Database: `myproject`
--
CREATE DATABASE IF NOT EXISTS `myproject` DEFAULT CHARACTER SET utf8mb4 COLLATE utf8mb4_unicode_ci;
USE `myproject`;

-- --------------------------------------------------------

--
-- Table structure for table `categories`
--

CREATE TABLE `categories` (
  `id` int(11) NOT NULL,
  `title` varchar(255) NOT NULL,
  `slug` varchar(255) DEFAULT NULL,
  `description` text DEFAULT NULL,
  `image_url` varchar(255) DEFAULT NULL,
  `created_at` timestamp NOT NULL DEFAULT current_timestamp()
) ENGINE=InnoDB DEFAULT CHARSET=utf8mb4 COLLATE=utf8mb4_general_ci;

--
-- Dumping data for table `categories`
--

INSERT INTO `categories` (`id`, `title`, `slug`, `description`, `image_url`, `created_at`) VALUES
(1, 'วรรณกรรม', NULL, 'หมวดวรรณกรรม', '', '2025-10-11 09:43:09'),
(2, 'สารคดีและสารสนเทศ', NULL, 'หมวดสารคดีและสารสนเทศ', NULL, '2025-10-11 09:44:04'),
(3, 'พัฒนาตนเอง', NULL, 'หมวดพัฒนาตนเองและจิตวิทยา', '', '2025-10-11 09:45:15'),
(4, 'ศิลปะ', NULL, 'หมวดศิลปะ', NULL, '2025-10-11 09:46:09'),
(5, 'ธุรกิจ', NULL, 'หมวดธุระกิจ', NULL, '2025-10-11 09:46:32'),
(6, 'อื่นๆ', NULL, 'หมวดหมู่อื่นๆ', NULL, '2025-10-11 09:46:52');

-- --------------------------------------------------------

--
-- Table structure for table `orders`
--

CREATE TABLE `orders` (
  `id` int(10) UNSIGNED NOT NULL,
  `user_id` int(11) DEFAULT NULL,
  `fullname` varchar(255) NOT NULL,
  `email` varchar(255) NOT NULL,
  `phone` varchar(50) NOT NULL,
  `address` text NOT NULL,
  `payment` enum('cod','bank','credit') NOT NULL,
  `total` decimal(10,2) NOT NULL,
  `status` enum('pending','processing','shipped','completed','cancelled') NOT NULL DEFAULT 'pending',
  `created_at` datetime NOT NULL DEFAULT current_timestamp()
) ENGINE=InnoDB DEFAULT CHARSET=utf8mb4 COLLATE=utf8mb4_general_ci;

--
-- Dumping data for table `orders`
--

INSERT INTO `orders` (`id`, `user_id`, `fullname`, `email`, `phone`, `address`, `payment`, `total`, `status`, `created_at`) VALUES
(1, 20, 'as', 'kha@gmail.com', '0258741369', 'aa', 'bank', '220.50', 'pending', '2025-10-10 00:15:06'),
(2, 5, 'as', 'kha@gmail.com', '0258741369', 'ฟฟ', 'cod', '1345.14', 'completed', '2025-10-10 00:40:03'),
(3, 13, 'ฮาร์ทนะจ๊ะ', 'kha@gmail.com', '0946782293', 'อยู่นั่นล่ะ', 'cod', '565.25', 'completed', '2025-10-10 13:16:29'),
(4, 5, 'ขจรศักดิ์ จันทรเสนา', 'kha@gmail.com', '0946782293', 'kk', 'cod', '399.00', 'pending', '2025-10-11 18:16:56'),
(5, 5, 'ขจรศักดิ์ จันทรเสนา', 'kha@gmail.com', '0946782293', 'kk', 'cod', '399.00', 'pending', '2025-10-11 18:41:08'),
(6, 5, 'ขจรศักดิ์ จันทรเสนา', 'kha@gmail.com', '0946782293', 'kk', 'cod', '629.20', 'pending', '2025-10-11 19:06:05'),
(7, 5, 'ขจรศักดิ์ จันทรเสนา', 'kha@gmail.com', '0946782293', 'kk', 'bank', '495.00', 'pending', '2025-10-11 19:42:10'),
(8, 5, 'ขจรศักดิ์ จันทรเสนา', 'kha@gmail.com', '0946782293', 'kk', 'cod', '945.00', 'processing', '2025-10-11 20:59:24'),
(9, 5, 'ขจรศักดิ์ จันทรเสนา', 'kha@gmail.com', '0946782293', 'kk', 'bank', '359.10', 'cancelled', '2025-10-11 21:49:06'),
(10, 5, 'ขจรศักดิ์ จันทรเสนา', 'kha@gmail.com', '0946782293', 'kk', 'bank', '378.00', 'pending', '2025-10-13 08:42:09'),
(11, 5, 'ขจรศักดิ์ จันทรเสนา', 'kha@gmail.com', '0946782293', 'kk', 'bank', '410.40', 'pending', '2025-10-13 09:57:12'),
(12, 24, 'มาร์ติน เข็มพิมาย', '67010974014@gmail.com', '0658974655', '101', 'cod', '275.00', 'pending', '2025-10-16 09:32:42'),
(13, 24, 'มาร์ติน เข็มพิมาย', '67010974014@gmail.com', '0658974655', '101', 'bank', '494.00', 'pending', '2025-10-16 09:33:30'),
(14, 5, 'ขจรศักดิ์ จันทรเสนา', 'kha@gmail.com', '0946782293', 'kk', 'bank', '260.10', 'pending', '2025-10-17 13:08:51'),
(15, 27, 'Boat Boat', 'Boat@gmail.com', '092930012', '55', 'bank', '1844.50', 'processing', '2025-10-18 14:22:33'),
(16, 27, 'Boat7777 Boat7777', 'Boat@gmail.com', '092930012', '55หมู่ 4', 'cod', '735.00', 'completed', '2025-10-18 14:37:43');

-- --------------------------------------------------------

--
-- Table structure for table `order_items`
--

CREATE TABLE `order_items` (
  `id` int(11) NOT NULL,
  `order_id` int(10) UNSIGNED NOT NULL,
  `product_id` int(11) NOT NULL,
  `quantity` int(11) NOT NULL,
  `price` decimal(10,2) NOT NULL
) ENGINE=InnoDB DEFAULT CHARSET=utf8mb4 COLLATE=utf8mb4_unicode_ci;

--
-- Dumping data for table `order_items`
--

INSERT INTO `order_items` (`id`, `order_id`, `product_id`, `quantity`, `price`) VALUES
(3, 6, 22, 1, '650.00'),
(7, 7, 13, 1, '550.00'),
(8, 8, 24, 1, '420.00'),
(9, 8, 14, 1, '525.00'),
(11, 10, 24, 1, '420.00'),
(13, 12, 28, 1, '275.00'),
(14, 13, 32, 1, '245.00'),
(15, 13, 36, 1, '249.00'),
(16, 14, 21, 1, '289.00'),
(18, 15, 14, 2, '530.00'),
(19, 15, 38, 3, '370.00'),
(20, 16, 32, 3, '245.00');

-- --------------------------------------------------------

--
-- Table structure for table `products`
--

CREATE TABLE `products` (
  `id` int(11) NOT NULL,
  `category_id` int(11) NOT NULL,
  `title` varchar(255) NOT NULL,
  `slug` varchar(255) DEFAULT NULL,
  `description` text DEFAULT NULL,
  `price` decimal(14,2) NOT NULL DEFAULT 0.00,
  `stock` int(11) NOT NULL DEFAULT 0,
  `image_url` varchar(255) DEFAULT NULL,
  `created_at` timestamp NOT NULL DEFAULT current_timestamp()
) ENGINE=InnoDB DEFAULT CHARSET=utf8mb4 COLLATE=utf8mb4_general_ci;

--
-- Dumping data for table `products`
--

INSERT INTO `products` (`id`, `category_id`, `title`, `slug`, `description`, `price`, `stock`, `image_url`, `created_at`) VALUES
(11, 1, 'เจ้าชายน้อย (The Little Prince)', '-the-little-prince-', 'เจ้าชายน้อย เป็นเรื่องเล่าของนักบินที่บังเอิญมาพบกับเจ้าชายจากต่างดาว ซึ่งเจ้าชายน้อยก็ได้บอกเล่าเรื่องราวการเดินทางจากดาวดวงต่างๆ ที่ได้ไปประสบมา เรื่องราวของเจ้าชายน้อยนั้นล้วนเต็มไปด้วยแง่มุมชวนให้ขบคิดเกี่ยวกับมุมมองในด้านต่างๆ ของมนุษย์ได้อย่างดียิ่ง และบางทัศนะก็อาจเป็นสิ่งที่เราได้หลงลืมมันไป เมื่อโตเป็นผู้ใหญ่', '285.00', 150, 'uploads/1760331608_D093372.png', '2025-10-11 10:21:56'),
(12, 1, 'หนังสือ แฮร์รี่ พอตเตอร์กับศิลาอาถรรพ์ Popup (ปกแข็ง) MINALIMA EDITION', '-popup-minalima-edition', 'แฮร์รี่ พอตเตอร์กับศิลาอาถรรพ์ Pop-up (MinaLima Edition) สุดตระการตาเล่มนี้จะทำให้คุณเพลินเพลิดไปกับเรื่องราวในโลกเวทมนตร์อย่างที่ไม่เคยสัมผัสมาก่อน ด้วยเนื้อหาที่ครบถ้วนตามบทประพันธ์ของเจ.เค. โรว์ลิ่งซึ่งมาพร้อมกับภาพประกอบสีสันสดใสเกือบทุกหน้า และแปดองค์ประกอบจากงานศิลปะกระดาษสี่สีแบบอินเทอร์แอ็กทีฟ เช่น สัมผัสประสบการณ์เปิดจดหมายเชิญไปเรียนที่ฮอกวอตส์ของแฮร์รี่ เผยเส้นทางวิเศษไปสู่ตรอกไดแอกอน เนรมิตงานเลี้ยงอันหรูหราในห้องโถงโรงเรียนฮอกวอตส์', '1600.00', 50, 'uploads/1760331527_DA12073.png', '2025-10-11 10:21:56'),
(13, 1, 'หนังสือ SET สี่แผ่นดิน (2 เล่มจบ)', '-set-2-', '“สี่แผ่นดิน” นวนิยายเพชรน้ำเอกที่ได้รับยกย่องให้เป็นวรรณกรรมแห่งกรุงรัตนโกสินทร์ติดตราตรึงใจตราบจนปัจจุบัน\r\n', '895.00', 75, 'uploads/1760331404_DA05164.png', '2025-10-11 10:21:56'),
(14, 2, 'เซเปียนส์: ประวัติย่อมนุษยชาติ', '-', 'ไขปัญหาที่ยิ่งใหญ่ที่สุดในประวัติศาสตร์และในโลกยุคใหม่..', '530.00', 120, 'uploads/1760331309_D095168.png', '2025-10-11 10:21:56'),
(15, 6, 'หนังสือ บทเรียนความสำเร็จนายหน้าอสังหาฯเงินล้าน คนทำงานประจำก็ทำได้ (ปกอ่อน)', '-', 'หนังสือเล่มนี้ เขียนขึ้นมาเพื่อคนทำงานประจำ ไม่ว่าจะเป็นข้าราชการ พนักงานประจำ หรือมนุษย์เงินเดือนหลากหลายสาขาอาชีพ รวมทั้งคนทั่วไปที่ต้องการหารายได้เสริมเพิ่มเติมจากรายได้หลักอีกช่องทางหนึ่งด้วยการเป็นนายหน้าอสังหาริมทรัพย์ จึงมีเนื้อหาที่ไม่เน้นวิชาการ แต่เน้นการปฏิบัติ เมื่ออ่านจบสามารถลงมือทำหรือประยุกต์ใช้ได้เลยเนื้อหาทั้งหมดรวบรวมมาจากประสบการณ์ตรงกว่า 7 ปี ที่เริ่มต้นด้วยการลุยสนามจริง ทำจริง ลองผิดลองถูก ที่สามารถย่นระยะเวลาความสำเร็จ', '195.00', 65, 'uploads/1760331236_DA12242.png', '2025-10-11 10:21:56'),
(16, 3, 'Atomic Habits: เพราะชีวิตดีได้กว่าที่เป็น', 'atomic-habits-', 'บทพิสูจน์ที่เปลี่ยนชีวิตคุณให้ดีขึ้นได้อย่างถาวร จากนักเขียนหนังสือขายดีของ New York Times ผู้เชี่ยวชาญระดับโลกด้านการสร้างนิสัย', '285.00', 100, 'uploads/1760331043_D094606.png', '2025-10-11 10:21:56'),
(17, 3, 'หนังสือ พลังของคนที่กล้าทำอะไรคนเดียว', '-', 'ไม่ต้องอยู่กับใครตลอดเวลา แล้วคุณจะกล้าใช้ชีวิตอย่างที่คุณต้องการ', '225.00', 180, 'uploads/1760330960_D095506.png', '2025-10-11 10:21:56'),
(18, 3, 'พ่อรวยสอนลูก (Rich Dad Poor Dad)', '-rich-dad-poor-dad-', 'หนังสือเล่มนี้ จะบอกเล่าถึงความเชื่อผิด ๆ ที่คิดว่าต้องมีเงินมากถึงจะรวยได้\r\nความเชื่อผิด ๆ ที่คิดว่าบ้านเป็นทรัพย์สิน\r\nความเชื่อผิด ๆ ที่คิดว่าโรงเรียนจะสอนเรื่องเงิน ๆ ทอง ๆ\r\nที่ถูกต้องให้กับลูกหลานของเรา\r\nโดยจะให้นิยามของทรัพย์สินและหนี้สินที่ถูกต้อง', '320.00', 30, 'uploads/1760328782_D094388.png', '2025-10-11 10:21:56'),
(19, 2, 'หนังสือ จักรวาลของมนุษย์ ตำนาน ประวัติศาสตร์ อารยธรรมและดวงดาว', '-', 'นี่คือหนังสือเกี่ยวกับการที่เราปิดตาของเราจากดวงดาว  และความท้าทายในขณะนี้คือการเปิดดวงตาของเราอีกครั้ง', '750.00', 45, 'uploads/1760328698_DA06448.png', '2025-10-11 10:21:56'),
(20, 4, 'หนังสือ ตารางฝึกเจาะลึก วาดเก่งได้ใน 7 วัน กับ นาโอกิ ไซโตะ', '-7-', 'มาฝึกเพิ่มทักษะการวาดให้เก่งขึ้นอย่างมีประสิทธิภาพ ด้วยโปรแกรมฝึกติวเข้มที่จะเปลี่ยนให้เราเก่งได้ใน 7 วัน กันเถอะ!', '345.00', 90, 'uploads/1760328409_DA13344.jpg', '2025-10-11 10:21:56'),
(21, 3, 'หนังสือ เห็น (ไม่) ต่าง I DON\'T AGREE', '-i-don-t-agree', 'เราไม่จำเป็นต้องเห็นด้วยกับทุกคนไปทุกอย่าง\r\nแต่เราจะอยู่ร่วมกับคนที่เราไม่เห็นด้วยอย่างไร\r\nปฏิเสธไม่ได้ว่าพวกเขาอยู่รอบตัว ทั้งที่บ้าน ที่ทำงาน ในโซเชียลเน็ตเวิร์ก\r\nแต่หากจะบอกว่าหนังสือเล่มแค่จะสอนวิธีอยู่ร่วมกับคนที่คิดไม่เหมือนกันก็คงจะน้อยไป\r\nเพราะมันยังสอนให้คุณรู้จักวิธีคอนโทรลพวกเขาและคืนสติให้แก่ตัวเองอีกด้วย', '289.00', 50, 'uploads/1760328253_DA02638.jpg', '2025-10-11 10:21:56'),
(22, 5, 'The Intelligent Investor', 'the-intelligent-investor', 'หนังสือ The Intelligent Investor คัมภีร์การลงทุนแบบเน้นคุณค่า ซึ่งเป็นหนังสือการลงทุนที่ขายดีตลอดกาลเล่มนี้ เขียนโดย \"เบนจามิน เกรแฮม\" ผู้ได้รับการยกย่องว่าเป็นบิดาแห่งการลงทุนแบบเน้นคุณค่า อีกทั้งยังเป็นหนังสือที่ \"วอร์เรน บัฟเฟตต์\" นักลงทุนที่รวยที่สุดในโลก ยกย่องว่าเป็นหนังสือการลงทุนที่ดีที่สุดอีกด้วย หนังสือฉบับครบรอบ 75 ปีนี้ ได้รับการปรับปรุงใหม่ โดย \"เจสัน ซไวจ์\" นักเขียนระดับแนวหน้าของ \"Wall Street Journal\" ได้เขียนความคิดเห็นเพิ่มเติมป', '750.00', 80, 'uploads/1760328013_DA14662.jpg', '2025-10-11 10:21:56'),
(24, 6, 'คู่มือเที่ยวญี่ปุ่นด้วยตัวเอง', '-', 'หนังสือนำเที่ยวโตเกียว-โอซาก้า สองเมืองยอดฮิตในญี่ปุ่น มีครบทุกย่านดัง และเมืองท่องเที่ยวรอบๆ ที่น่าสนใจ ได้แก่ โยโกฮาม่า, คามาคุระ, ฮาโกเน่, คาวางูจิโกะ, คาวาโงเอะ, กาล่ายูซาว่าฯ, เกียวโต, โกเบ, นารา โดยแนะนำการเดินทางอย่างละเอียด เข้าใจง่าย มีแผนที่ที่เชื่อมกับกับเนื้อหาในเล่ม อ่านแล้วสามารถวางแผนเดินทางได้ด้วยตัวเอง ส่วนข้อมูลสถานที่ต่างๆ แยกหมวดหมู่ \"ที่เที่ยว-ที่ช้อปปิ้ง-ที่กิน\" พร้อมรายละเอียดสำคัญของสถานที่นั้นๆ', '450.00', 95, 'uploads/1760331697_DA13293.png', '2025-10-11 10:21:56'),
(25, 6, 'SET BOUNDARIES อย่าให้ใครล้ำเส้น', 'set-boundaries-', 'คุณจะเชื่อไหม หากบอกว่าทุกปัญหาที่คุณกำลังเจออยู่ในตอนนี้\r\nเกิดขึ้นจากการที่คุณไม่ ขีดเส้น และไม่มีขอบเขต\r\nเส้นหรือขอบเขตที่คุณจะขีดเอาไว้รอบตัว\r\nไม่ว่ากับตัวเอง แฟน พ่อแม่ เพื่อน หรือคนที่ทำงาน\r\nจะเป็นสิ่งที่สร้างความสมดุลให้แก่คุณ', '309.00', 40, 'uploads/1760331797_D092625.png', '2025-10-11 16:48:51'),
(28, 3, 'หนังสือ ศาสตร์มืดแห่งการชักใยคน (ปกอ่อน)', '-', 'เล่มนี้จะมาแนะนำเทคนิคสลาย “เกราะป้องกันใจ” ของผู้อื่น ซึ่งไม่เคยมีใครเปิดเผยมาก่อน ถ้าคุณทลายเกราะป้องกันแล้วเข้าไปนั่งในหัวใจผู้อื่นได้ ทุกอย่างจะเป็นไปตามที่คุณปรารถนา', '275.00', 50, 'uploads/1760331961_68ec88b93d2b3.png', '2025-10-13 05:06:01'),
(29, 3, 'หนังสือวิชาใจเบา ', '-', 'ผู้เขียนเล่าประสบการณ์ของตัวเอง นับตั้งแต่เมื่อเขาเคยทุกข์ทรมานจากการติดยา ก่อนจะเริ่มต้นทำสมาธิจนจิตใจเบาสบายขึ้น แล้วเส้นทางชีวิตก็เปลี่ยนไปในทางที่ดี นอกจากการทำสมาธิแล้ว เขายังพูดถึงการรักตนเองในแง่ของการตระหนักในตัวตน และเรียนรู้ที่จะเยียวยาจิตใจด้วยการยอมรับตนเอง อยู่กับปัจจุบัน และปลดปล่อยตัวเองจากความต้องการและความยึดติดทั้งปวง', '295.00', 50, 'uploads/1760332083_68ec893387ca8.png', '2025-10-13 05:08:03'),
(30, 6, 'ประวัติศาสตร์มีชีวิตของพัฒนาการความคิดเศรษฐศาสตร์', '-', 'หากใครเคยคิดว่าไม่มีวันที่ตำราเศรษฐศาสตร์จะอ่านสนุก เราขอท้าลองด้วยหนังสือเล่มนี้ หนังสือเศรษฐศาสตร์ที่ไม่มีทั้งกราฟและสมการ แต่มี เพลโต เช เกวารา ฟองตีน จอร์จ โซรอส วลาดิมีร์ เลนิน ร่วมเป็นตัวละคร!', '375.00', 50, 'uploads/1760332213_68ec89b5d7cbb.png', '2025-10-13 05:10:13'),
(31, 6, 'หนังสือ Garden&Farm V.19 ธุรกิจเกษตรสำหรับมือใหม่', '-garden-farm-v-19-', 'การทำเกษตรเป็นอาชีพให้ประสบความสำเร็จได้อย่างยั่งยืน นอกจากการวางแผนการผลิต ต้นน้ำ กลางน้ำ ปลายน้ำ มีความรู้ความเชี่ยวชาญ ตลอดจนการประยุกต์ใช้เทคโนโลยีและนวัตกรรมต่าง ๆ เพื่อให้ได้ผลผลิตที่มีคุณภาพดีแล้ว สิ่งสำคัญก็คือต้องเริ่มจากมายด์เซตที่ว่า \"เกษตรต้องเป็นธุรกิจ\" จึงจำเป็นต้องเรียนรู้เกี่ยวกับการทำธุรกิจให้ครอบคลุม เพื่อให้สามารถพัฒนาตัวเอง ยอมรับ และปรับตัวได้ตามยุคสมัย', '275.00', 50, 'uploads/1760332347_68ec8a3b3335e.png', '2025-10-13 05:12:27'),
(32, 5, 'หนังสือ สร้างเงินล้านด้วยธุรกิจนายหน้าบ้านผ่อนตรง (ปกอ่อน)', '-', 'ไม่ว่าเศรษฐกิจจะเป็นเช่นไร ผมเชื่อว่าหลายคนก็ยังอยากมีบ้านเพราะบ้านคือปัจจัย 4 ของชีวิตและเป็นความฝันของหลายๆครอบครัว ทว่าบ้านราคาหลังเป็นล้านถ้าธนาคารไม่ปล่อยสินเชื่อให้กู้แล้วจะนำเงินจากไหนไปซื้อได้นี่คือประเด็นที่คนมีบ้านจำนวนมากไม่สามารถที่จะแก้ได้', '245.00', 70, 'uploads/1760332519_68ec8ae7b6ef3.png', '2025-10-13 05:15:19'),
(33, 5, 'หนังสือ ลงทุนอย่างชาญฉลาดแบบวอร์เรน บัฟเฟตต์', '-', 'บัฟเฟตต์เข้าซื้อกิจการ Berkshire Hathaway Inc. ในปี 1965 ซึ่งเป็นบริษัทสิ่งทอที่ไม่ค่อยดีนัก แต่เขาได้เปลี่ยนให้บริษัทกลายเป็นเครื่องจักรที่สามารถพึ่งพาตนเองได้และสร้างผลตอบแทนมหาศาลให้กับเจ้าของบริษัทหนังสือเล่มนี้มีเรื่องราวเกี่ยวกับบริษัทและอุตสาหกรรมต่างๆ 38 เรื่องในเรื่องราวเหล่านี้ บัฟเฟตต์ได้ทำผิดพลาดหลายอย่างที่นักลงทุนต้องเผชิญหนังสือเล่มนี้เริ่มต้นด้วยการซื้อกิจการ Berkshire Hathaway และล่าสุดในปี 2023 บริษัท Taiwan Semiconductor Manuf', '260.00', 50, 'uploads/1760332606_68ec8b3e91e9d.png', '2025-10-13 05:16:46'),
(34, 6, 'หนังสือ เลี้ยงลูกให้เป็นคนเก่ง (ปกใหม่)', '-', 'เลี้ยงลูกให้ถูกวิธีสร้าง \"คนเก่ง\" ที่สามารถปรับตัวและใช้ชีวิตในโลกปัจจุบันได้อย่างเป็นสุข', '195.00', 60, 'uploads/1760332756_68ec8bd47c78f.png', '2025-10-13 05:19:16'),
(35, 6, 'หนังสือ เสือตัวสุดท้าย สำนักพิมพ์ แฮปปี้คิดส์', '-', 'บ้านของอาช่า เคยเป็นป่าที่อุดมสมบูรณ์ เต็มไปด้วยสัตว์สารพันและพืชสารพัด แต่แล้วบ้านของเธอก็ค่อย ๆ เปลี่ยนไป วันที่แดดจ้า ก็ร้อนจัดขึ้น วันที่ฝนตก ก็ตกหนักขึ้น จนกระทั่งวันหนึ่ง เกิดน้ำท่วมใหญ่ ฝูงสัตว์พากันอพยพไปจากป่าแห่งนี้ หลายวันผ่านไป บ้านของอาช่าก็เปลี่ยนไปอย่างสิ้นเชิง เพื่อน ๆ ของเธอหายตัวไปอย่างไร้ร่องรอย ป่าไม้ถูกตัดโค่นไปมากมาย แล้วอาช่าจะไปอยู่ที่ไหนดีล่ะ...', '125.00', 60, 'uploads/1760332907_68ec8c6b285da.png', '2025-10-13 05:21:47'),
(36, 6, 'หนังสือ เดือนเมษายน พาใครบางคนกลับมา April Come She Will', '-april-come-she-will', 'ความทรงจำในบางเดือน คอยย้ำเตือนให้นึกถึงคนที่ควรจะลืม...ในเดือนเมษายน \"ฟูจิชิโระ\" จิตแพทย์หนุ่มได้รับจดหมายจากผู้หญิงคนหนึ่งในอดีตที่เขาควรจะลืม...', '249.00', 60, 'uploads/1760333086_68ec8d1e86cda.png', '2025-10-13 05:24:46'),
(38, 3, 'หนังสือ บิกแบงโคโรนา อนาคตที่ถูกพลิกผัน', '-', 'รวบรวมข้อมูลและบทสัมภาษณ์เกี่ยวกับชีวิตและเศรษฐกิจก่อนและหลังวิกฤตโคโรนาไวรัส\r\nเพื่อดูว่ามีการเปลี่ยนแปลงอย่างไรและจะลงทุนในการเปลี่ยนแปลงอย่างไร\r\nไม่ว่าจะเป็นอัตราดอกเบี้ย ตลาดหุ้น และอสังหาริมทรัพย์\r\nธุรกิจใดจะไปได้สวยหรือธุรกิจใดจะตกต่ำ\r\nรวมถึงการลงทุนในสกุลเงินดิจิทัลด้วย', '370.00', 50, 'uploads/1760333228_68ec8dac17779.png', '2025-10-13 05:27:08'),
(40, 6, 'หนังสือ เรื่องเล่าของเจ้าหมาป่า ตอน เจ้าหมาป่าจับขโมย', '-', 'เรื่องเล่าของเจ้าหมาป่า นี่คือเรื่องจริงของเจ้าหมาป่า!\r\n“ช่วยจับขโมยหน่อยจ้า!” อาหารเช้าของเจ้าหมาป่าหายไป อีกแล้วนะ!\r\nกับดักอันแสนฉลาดจะจับขโมยได้ไหม\r\nเจ้าหมาป่าพร้อมสุดๆ ไปเลย สุดๆ ไปเลย...จริงไหมนะ\r\nเรื่องเล่าคลาสสิกที่มีรายละเอียดไม่ค่อยคลาสสิกเท่าไหร่', '229.00', 50, 'uploads/1760333589_68ec8f15c4f63.png', '2025-10-13 05:33:09'),
(43, 6, 'เดนดาวNeverdie', '-neverdie', '‘น้ำ’\r\n\r\nโฮโมเซเปียนส์หนึ่งเดียวในรัศมีร้อยเมตรจากวิวอิมเพรสชั่นนิสม์ท้ายไร่เวิ้งว้าง\r\nผู้พกเอาความเหงาขนาดเท่าจักรวาลไว้ในหัวใจขนาดเท่ากำปั้นเป็นยันต์กันเหงา\r\nริมบึงบัวโมเนต์มีบ้านสองหลัง — สีเขียวมีไว้อาศัย สีชมพูมีไว้หลบซ่อน\r\nมันใหญ่พอจะซ่อนทุกสิ่งให้พ้นจากสายตา\r\nยัดเข้าไปได้ทุกอย่างตั้งแต่ลังแป้งปาท่องโก๋เหลือใช้ นาฬิกาตาย\r\nรถเครื่องเกินจำนวนคนอาศัย\r\nเรื่อยไปถึงสองมือของศิลปินภาพเขียน ความฝันที่จะเติบโตนอกบ้านโป่ง\r\nความลับที่ว่าน้ำชอบผู้ชาย และความรักไม่มีวันตาย — never die ที่แปลว่านิรันดร์\r\n\r\nเขาต้องทำงานตอนกลางคืน ต้องตื่นมาทำน้ำเต้าหู้ตอนตีสอง\r\nโดนความมืดจ้องมองตั้งแต่แช่ถั่ว นวดแป้ง คั้นน้ำนม\r\nกระทั่งขนของขึ้นรถเข็นรุนออกไปขายตอนตีสี่\r\nความมืดก็ยังไม่ละสายตาจากเขาเลย น้ำไม่เคยจ้องตอบมัน\r\nก้มหน้าทำงานอย่างเดียว เกรงว่าถ้าเผลอมองแล้วจะโดนชกหน้าเอา แต่ถึงอย่างไร\r\nเขาก็ผ่านมาได้หลายพันราตรี', '380.00', 10, 'uploads/1760767569_68f32e517b556.jpg', '2025-10-18 06:06:09'),
(44, 1, 'Geographia Cosmographia', 'geographia-cosmographia', 'ส่วนเล่มนี้เป็นแผนที่ซึ่งถูกตีพิมพ์เป็นหนังสือเล่มแรกของโลก และยังเป็นหนังสือที่ใช้เทคนิคการแกะสลักเล่มแรกของโลกด้วยเช่นกัน เนื้อหากล่าวถึงองค์ความรู้ด้านภูมิศาสตร์ในศตวรรษที่ 2 เขียนโดย ‘ปโตเลมี’ นักปราชญ์ นักคณิตศาสตร์ นักวิทยาศาสตร์ นักดาราศาสตร์ และนักภูมิศาสตร์ชื่อก้องโลก เริ่มแรกมันถูกเขียนด้วยภาษากรีก ก่อนจะถูกแปลเป็นภาษาอาหรับและละตินในอีกหลายศตวรรษต่อมา', '135000000.00', 1, 'uploads/1760767646_68f32e9e957df.jpg', '2025-10-18 06:07:26'),
(45, 3, 'พัสดุจากดาวหมา', '-', '\'ดาวหมา\' เป็นโลกหลังความตายอันเงียบงาม มีลูกหมาบีเกิ้ลตัวน้อยเป็นพนักงานไปรษณีย์ฝึกหัด ส่งพัสุจากเหล่าวิญญาณหมาถึงมนุษย์ผู้หวงแหนอดีต ถ้อยคำลาถูกสลักไว้เพื่อปลดปล่อยหัวใจผู้รับออกจากความรู้สึกผิดที่คอยกัดกร่อนทุกโมงยาม \"การจากลาโดยไม่ได้กล่าวอำลาอาจทิ้งสิ่งที่ตกค้างเอาไว้มากมายในทุกความสัมพันธ์ โดยเฉพาะคำว่าขอบคุณ และขอโทษ\"', '204.00', 10, 'uploads/1760767724_68f32eec72c49.jpg', '2025-10-18 06:08:44'),
(46, 3, 'จดหมายจากดาวแมว', '-', 'แมวส้มตัวอ้วน ไปรษณีย์จาก \'ดาวแมว\'มีหน้าที่ส่งจดหมายจากวิญญาณแมวที่เลือกเขียนถึงมนุษย์ได้หนึ่งคนเรื่องราวในเล่มคือการรวบรวมจดหมายฉบับแล้วฉบับเล่าที่ถูกนำส่งในค่ำคืนหนึ่งความทรงจำชิ้นแล้วชิ้นเล่าบรรจุอยู่ในตัวอักษรที่จะหายไปหลังอาทิตย์ขึ้นแต่ไม่อาจทำลายนิรันดร์ของความคิดถึงนับจากนี้ไป\"ในวันที่เราไม่ได้อยู่ด้วยกันแล้วความทรงจำในอดีตอันงดงามก็จะเป็นสมบัติที่เรารื้อค้นออกมาชื่นชมได้เสมอ \"\r\n\r\n', '209.00', 10, 'uploads/1760767804_68f32f3cb2dba.jpg', '2025-10-18 06:10:04'),
(47, 1, '‘raité des arbres fruitiers’ หรือ ‘Treatise on Fruit Trees’', '-rait-des-arbres-fruitiers-treatise-on-fruit-trees-', 'raité des arbres fruitiers เป็นหนังสือว่าด้วยผลไม้ที่แพงที่สุดในโลก โดยเป็นการกล่าวถึงผลไม้ชนิดต่างๆพร้อมภาพประกอบฝีมือศิลปินชาวฝรั่งเศสชื่อดัง 2 คน โดยใน 1 ชุดจะประกอบไปด้วยหนังสือ 5 เล่มด้วยกัน', '152000000.00', 1, 'uploads/1760767816_68f32f48b225d.jpg', '2025-10-18 06:10:16'),
(48, 6, 'The Gutenberg Bible', 'the-gutenberg-bible', 'สำเนาคัมภีร์ไบเบิลเล่มนี้โดดเด่นกว่าคัมภีร์ไบเบิลทั่วไปตรงที่มันเป็นหนังสือที่ถูกพิมพ์ด้วยเครื่องพิมพ์เป็นเล่มแรก และกลายเป็นจุดเริ่มต้นของยุคการแพร่กระจายองค์ความรู้ผ่านหนังสือไปทั่วโลก เนื่องจากเครื่องพิมพ์ทำให้การผลิตหนังสือทำได้ง่ายขึ้นกว่าแต่ก่อนมาก', '165000000.00', 2, 'uploads/1760767868_68f32f7c509e0.jpg', '2025-10-18 06:11:08'),
(49, 1, 'เธอทำลาย, เธอกล่าว', '-', '\"เธอทำลาย, เธอกล่าว\" คือหนังสือรวมเรื่องสั้นเล่มล่าสุดจากสำนักพิมพ์เม่นวรรณกรรม ที่รวบรวมผลงานของ 8 นักเขียนหญิงแถวหน้าของวงการวรรณกรรมไทยร่วมสมัย ได้แก่ จิดานันท์ เหลืองเพียรสมุท, ตินกานต์, พิราอร กรวีร์, Mind da hed, อุรุดา โควินท์, อินทิรา เจริญปุระ, ใหม่ ศุภรุจกิจ และพวงสร้อย อักษรสว่าง ภายใต้โจทย์ \"เสียงของผู้หญิงที่เขียนถึงผู้หญิงด้วยกันเอง\" ผู้อ่านจะได้สัมผัสกับเรื่องเล่าที่หลากหลาย ทั้งความสัมพันธ์ระหว่างภรรยาหลวงกับภรรยาน้อย, หญิงสาวกับแม่, คู่รักหญิง หรือแม้แต่เพื่อนบ้าน เรื่องราวเหล่านี้อาจเริ่มต้นอย่างเรียบง่าย แต่ซุกซ่อนรสชาติและอารมณ์ที่พร้อมจะระเบิดออกมาราวกับ “ซุปใสเมื่อได้จิบจึงพบรสชาติมากมายที่ถูกซ่อนเอาไว้\" บรรณาธิการ วิวัฒน์ เลิศวิวัฒน์วงศา ได้กล่าวไว้ในคำนำว่า เรื่องเล่าในเล่มนี้เต็มไปด้วย \"เลือดเนื้อ บาดแผล รอยสัมผัสชิดใกล้และระยะอันห่างเหิน\" เป็นการสำรวจการทำลายล้างเพื่อสร้างสิ่งใหม่ให้ถือกำเนิดขึ้น ซึ่งจะทำให้ผู้อ่านได้ค้นพบน้ำเสียงที่ทั้งอ่อนโยนแต่เข้มแข็ง เกรี้ยวกราดแต่ปลอบประโลม แปลกประหลาดแต่สวยงาม ผ่านมุมมองอันลึกซึ้งของผู้หญิงถึงผู้หญิงอย่างที่ไม่เคยปรากฏมาก่อน หนังสือเล่มนี้จะพาผู้อ่านไปสำรวจมิติความสัมพันธ์ระหว่างผู้หญิงกับผู้หญิงในหลากหลายรูปแบบ ผ่านน้ำเสียงที่แตกต่างกันของนักเขียนหญิงร่วมสมัย 8 คน แต่ละเรื่องราวจะเริ่มต้นอย่างเรียบง่าย ทว่าภายใต้ความนิ่งสงบนั้นเต็มไปด้วยแรงกระเพื่อมทางอารมณ์อันทรงพลัง ที่จะทลายภาพจำเดิมๆ เพื่อก่อกำเนิดความเข้าใจและมุมมองใหม่ต่อ \"เธอ\" ในทุกฐานะ ไม่ว่าจะเป็นแม่ , ศัตรู , คู่รัก รวมถึงคนแปลกหน้า นี่คือการ \"ทำลาย\" เพื่อ \"สร้าง\" ความหมายใหม่ผ่านปลายปากกาของพวกเธอ', '212.50', 10, 'uploads/1760767943_68f32fc73530b.jpg', '2025-10-18 06:12:23'),
(50, 6, 'First Folio', 'first-folio', 'ตอนเปิดขายครั้งแรก First Folio มีราคาแค่เล่มละ 1-3 ปอนด์เท่านั้น ปัจจุบันกลับเป็นหนังสือที่นักสะสมตามหามากที่สุดเล่มหนึ่งของโลกในฐานะผลงานของนักเขียนระดับตำนานอย่าง ‘เช็กสเปียร์’ คาดว่าปัจจุบันเหลือออยู่ประมาณ 228 เล่ม จากที่พิมพ์ทั้งหมด 750 เล่ม โดยเล่มที่แพงที่สุดถูกประมูลโดย ‘พอล แอลเลน’ ผู้ร่วมก่อตั้งไมโครซอฟต์เมื่อปี 2001', '203000000.00', 1, 'uploads/1760767978_68f32fea3caa9.jpg', '2025-10-18 06:12:58'),
(51, 1, 'ห้องนองเลือดและเรื่องเล่าอื่นๆ', '-', 'สาวชาวบ้านผู้งดงามเป็นที่ต้องตาต้องใจ ของขุนนางผู้สูงศักดิ์และมั่งคั่ง ซึ่งเพิ่งสูญเสียภรรยาไปไปไม่นาน เธอกลายเป็นนายหญิงแห่งปราสาทกลางทะเล ผู้ถือครองกุญแจของห้องหับทุกห้องในปราสาสาท ไม่มีสมบัติใดที่เธอแตะต้องไม่ได้ ทว่ามีเพียง \'ห้องลับ\' ห้องเดียวที่สามีให้เธอสัญญาว่าจะไม่เข้าไป เขาเอ่ย \"นี่ไม่ใช่กุญแจสำหรับไขหัวใจของฉันหรอก แต่เป็นกุญแจสำหรับไขเข้านรกของฉันต่างหาก\"', '220.15', 10, 'uploads/1760768024_68f33018d04b9.jpg', '2025-10-18 06:13:44'),
(52, 6, 'The Canterbury Tales', 'the-canterbury-tales', 'เล่มนี้เป็นหนังสือรวมเรื่องสั้นซึ่งเป็นส่วนหนึ่งในการประกวดเล่าเรื่องช่วงปลายศตวรรษที่ 14 ถึงต้นศควรรษที่ 15 หลายคนยกย่อง The Canterbury Tales ว่าเป็นหนังสือที่ทำให้วรรณกรรมภาษาอังกฤษพื้นบ้านกลายเป็นที่นิยมและมีที่ยืนในโลกวรรณกรรมากขึ้น เพราะวรรณกรรมดังๆ ในยุคนั้นมักเป็นภาษาฝรั่งเศสและละตินทั้งสิ้น', '253000000.00', 1, 'uploads/1760768060_68f3303cc381d.jpg', '2025-10-18 06:14:20'),
(53, 6, 'The Gospels of Henry the Lion', 'the-gospels-of-henry-the-lion', 'เล่มนี้เป็นหนังสือเพลงกอสเปลที่ถูกดยุกแห่งซักเซินสั่งให้เขียนขึ้นเพื่อบูชาพระแม่มารีย์ที่โบสถ์บรุนสวิก หนังสือเล่มนี้ถูกซื้อโดยรัฐบาลเยอรมนีในปี 1983 เพราะถือเป็นหนังสือภาษาโรมันที่เขียนด้วยลายมือที่ทรงคุณค่าที่สุดแห่งศตวรรษที่ 12 มีความหนา 266 หน้า รวมถึงภาพวาดโบราณ 50 หน้าด้วย', '395000000.00', 1, 'uploads/1760768167_68f330a7bbb5d.jpg', '2025-10-18 06:16:07'),
(54, 3, 'สลายสิ้นซึ่งความหวังรังรอง', '-', 'ไม่มีที่ไหนเหมือนบ้าน มันเป็นที่แห่งเดียวที่ยามรัก เราก็รักกันได้อย่างลึกซึ้งหมดใจ แต่ยามกระทำต่อกัน เราก็กระทำกันได้อย่างเจ็บปวดถึงแก่นที่สุด รวมเรื่องสั้นของตัวละครพังพ่ายซึ่งติดหล่มจมปลักกับคำว่า \'บ้าน\'  มีชีวิตประจำวันสามัญแสนร้าวราน เบิกบาน เติบโต และโรยรา  ด้วยสำนวนละมุนละไมจากความพิธีพิถันใส่ใจในการใช้ภาษา เมื่อคุณอ่านจบคุณจะเข้าใจวงจรของการร่วงหล่น สิ้นหวัง พังทลาย พร้อมให้อภัยตัวเองและให้อภัยภาระทางใจที่เรียกว่าครอบครัว  ปลดปล่อยอดีต และยุติการส่งต่อความเจ็บปวด', '212.50', 10, 'uploads/1760768172_68f330ac75690.jpg', '2025-10-18 06:16:12'),
(56, 6, 'The Codex Leicester', 'the-codex-leicester', 'มาถึงหนังสือที่แพงที่สุดในโลก แค่ชื่อของคนเขียนก็รู้แล้วต้องทรงคุณค่าและตกเป็นที่แย่งชิงของมหาเศรษฐีนักสะสมมากมาย The Codex Leicester เป็นหนังสือหนา 72 หน้าที่ ‘ลีโอนาโอ ดา วินชี’ เขียนถึงทฤษฏีต่างๆ ตั้งแต่เรื่องฟอสซิลไปจนถึงการเคลื่อนไหวของน้ำด้วยลายมือของตัวเองทั้งหมด ปัจจุบัน หนังสืออยู่ในความครอบครองของ ‘บิล เกตส์’ มหาเศรษฐีชื่อดัง โดยเขาได้สแกนหนังสือเล่มนี้เพื่อใช้เป็นภาพพักหน้าจอของคอมพิวเตอร์ระบบ ‘ไมโครซอฟต์พลัส’ และ ‘วินโดวส์ 95’ ด้วย', '1040000000.00', 1, 'uploads/1760768324_68f331443036f.jpg', '2025-10-18 06:18:44'),
(57, 6, 'Birds of America', 'birds-of-america', 'เจมส์ อูดูบองเป็นนักธรรมชาติวิทยาและจิตรกรซึ่งเดินทางไปทั่วสหรัฐฯ เพื่อสำรวจนกพันธุ์ต่างๆ และวาดภาพพวกมันออกมา เนื้อหาในเล่มเป็นตัวหนังสือขาวดำบรรยายข้อมูลทางวิทยาศาสตร์สลับกับภาพวาดสีด้วยมือเพื่อจำลองลักษณะทางกายภาพของนกแต่ละชนิด Birds of America ถูกตีพิมพ์ 119 เล่มทั่วโลกแต่ยังไม่ถูกนำออกมาประมูลทั้งหมด โดยคาดว่าจะมีราคาจะแพงกว่านี้แน่นอนหากถูกนำออกมาประมูลอีก', '388000000.00', 1, 'uploads/1760768478_68f331de65e78.jpg', '2025-10-18 06:21:18');

-- --------------------------------------------------------

--
-- Table structure for table `product_images`
--

CREATE TABLE `product_images` (
  `id` int(11) NOT NULL,
  `product_id` int(11) NOT NULL,
  `image_url` varchar(255) NOT NULL
) ENGINE=InnoDB DEFAULT CHARSET=utf8mb4 COLLATE=utf8mb4_unicode_ci;

--
-- Dumping data for table `product_images`
--

INSERT INTO `product_images` (`id`, `product_id`, `image_url`) VALUES
(4, 22, 'uploads/1760328013_DA14662.jpg'),
(5, 22, 'uploads/1760328035_DA14662_X2.jpg'),
(6, 21, 'uploads/1760328253_DA02638.jpg'),
(7, 20, 'uploads/1760328409_DA13344.jpg'),
(8, 20, 'uploads/1760328423_DA13344_X2.jpg'),
(9, 19, 'uploads/1760328698_DA06448.png'),
(10, 19, 'uploads/1760328705_DA06448_X2.png'),
(11, 18, 'uploads/1760328782_D094388.png'),
(12, 18, 'uploads/1760328789_D094388_X2.png'),
(13, 17, 'uploads/1760330960_D095506.png'),
(14, 17, 'uploads/1760330971_D095506_X2.png'),
(15, 16, 'uploads/1760331043_D094606.png'),
(16, 16, 'uploads/1760331052_D094606_X2.png'),
(17, 15, 'uploads/1760331236_DA12242.png'),
(18, 15, 'uploads/1760331245_DA12242_X2.png'),
(19, 14, 'uploads/1760331309_D095168.png'),
(20, 13, 'uploads/1760331404_DA05164.png'),
(21, 13, 'uploads/1760331404_DA05164_X2.png'),
(22, 13, 'uploads/1760331404_DA05164_X3.png'),
(23, 12, 'uploads/1760331527_DA12073.png'),
(24, 12, 'uploads/1760331527_DA12073_X2.png'),
(25, 11, 'uploads/1760331608_D093372.png'),
(26, 24, 'uploads/1760331697_DA13293.png'),
(27, 24, 'uploads/1760331697_DA13293_X2.png'),
(28, 25, 'uploads/1760331797_D092625.png'),
(29, 28, 'uploads/1760331961_68ec88b93d2b3.png'),
(30, 28, 'uploads/1760331961_68ec88b93d3bc.png'),
(31, 29, 'uploads/1760332083_68ec893387ca8.png'),
(32, 29, 'uploads/1760332083_68ec893387d5e.png'),
(33, 30, 'uploads/1760332213_68ec89b5d7cbb.png'),
(34, 31, 'uploads/1760332347_68ec8a3b3335e.png'),
(35, 32, 'uploads/1760332519_68ec8ae7b6ef3.png'),
(36, 32, 'uploads/1760332519_68ec8ae7b6fb7.png'),
(37, 33, 'uploads/1760332606_68ec8b3e91e9d.png'),
(38, 33, 'uploads/1760332606_68ec8b3e91fb9.png'),
(39, 34, 'uploads/1760332756_68ec8bd47c78f.png'),
(40, 34, 'uploads/1760332756_68ec8bd47c874.png'),
(41, 35, 'uploads/1760332907_68ec8c6b285da.png'),
(42, 35, 'uploads/1760332907_68ec8c6b28781.png'),
(43, 36, 'uploads/1760333086_68ec8d1e86cda.png'),
(44, 36, 'uploads/1760333086_68ec8d1e86ed8.png'),
(47, 38, 'uploads/1760333228_68ec8dac17779.png'),
(49, 40, 'uploads/1760333589_68ec8f15c4f63.png'),
(54, 43, 'uploads/1760767569_68f32e517b556.jpg'),
(55, 44, 'uploads/1760767646_68f32e9e957df.jpg'),
(56, 45, 'uploads/1760767724_68f32eec72c49.jpg'),
(58, 46, 'uploads/1760767804_68f32f3cb2dba.jpg'),
(59, 46, 'uploads/1760767810_1000280238_back_XXXL.jpg'),
(60, 47, 'uploads/1760767816_68f32f48b225d.jpg'),
(61, 48, 'uploads/1760767868_68f32f7c509e0.jpg'),
(62, 49, 'uploads/1760767943_68f32fc73530b.jpg'),
(63, 49, 'uploads/1760767948_1000285176_back_XXXL.jpg'),
(64, 50, 'uploads/1760767978_68f32fea3caa9.jpg'),
(65, 51, 'uploads/1760768024_68f33018d04b9.jpg'),
(66, 51, 'uploads/1760768029_1000284279_back_XXXL.jpg'),
(67, 52, 'uploads/1760768060_68f3303cc381d.jpg'),
(68, 53, 'uploads/1760768167_68f330a7bbb5d.jpg'),
(69, 54, 'uploads/1760768172_68f330ac75690.jpg'),
(73, 56, 'uploads/1760768324_68f331443036f.jpg'),
(74, 57, 'uploads/1760768478_68f331de65e78.jpg');

-- --------------------------------------------------------

--
-- Table structure for table `promotions`
--

CREATE TABLE `promotions` (
  `id` int(11) NOT NULL,
  `name` varchar(255) NOT NULL,
  `discount_type` enum('percentage','fixed') NOT NULL,
  `discount_value` decimal(10,2) NOT NULL,
  `start_date` date NOT NULL,
  `end_date` date NOT NULL,
  `product_id` int(11) DEFAULT NULL
) ENGINE=InnoDB DEFAULT CHARSET=utf8mb4 COLLATE=utf8mb4_unicode_ci;

--
-- Dumping data for table `promotions`
--

INSERT INTO `promotions` (`id`, `name`, `discount_type`, `discount_value`, `start_date`, `end_date`, `product_id`) VALUES
(1, 'ลดเร็วลดแรง', 'percentage', '15.00', '2025-10-09', '2025-12-31', NULL),
(2, 'ลดแรง', 'percentage', '20.00', '2025-10-18', '2025-10-19', NULL);

-- --------------------------------------------------------

--
-- Table structure for table `reviews`
--

CREATE TABLE `reviews` (
  `id` int(11) NOT NULL,
  `product_id` int(11) NOT NULL,
  `user_id` int(11) NOT NULL,
  `rating` tinyint(3) UNSIGNED NOT NULL,
  `comment` text DEFAULT NULL,
  `created_at` timestamp NOT NULL DEFAULT current_timestamp()
) ;

-- --------------------------------------------------------

--
-- Table structure for table `user`
--

CREATE TABLE `user` (
  `user_id` int(11) NOT NULL,
  `firstname` varchar(100) NOT NULL,
  `lastname` varchar(100) NOT NULL,
  `email` varchar(150) NOT NULL,
  `password` varchar(255) NOT NULL,
  `address` text DEFAULT NULL,
  `phone` varchar(20) DEFAULT NULL,
  `birthday` date DEFAULT NULL,
  `role` enum('admin','user') DEFAULT 'user'
) ENGINE=InnoDB DEFAULT CHARSET=utf8mb4 COLLATE=utf8mb4_unicode_ci;

--
-- Dumping data for table `user`
--

INSERT INTO `user` (`user_id`, `firstname`, `lastname`, `email`, `password`, `address`, `phone`, `birthday`, `role`) VALUES
(1, 'Admin', 'One', 'admin@admin.gmail.com', '$2y$10$k3uU0I0oB0LwQyP5x9nP5u2m6/6yAqP1x9nP5u2m6/6yAqP1x9nP5', NULL, NULL, NULL, 'admin'),
(5, 'ขจรศักดิ์', 'จันทรเสนา', 'kha@gmail.com', '$2y$10$XdapPIBVKd2Cl1wwpcvmXejVLP4s8Z/Hk53dtilZ/kfBKAhuraEiG', 'kk', '0946782293', NULL, 'user'),
(12, 'ขจรศักดิ์', 'จันทรเสนา', 'kc@gmail.com', '$2y$10$hsIe9bR.Ng.r9UKGHeRXGeXBx4zxZ.wpJiCiejF.PcQ4Jpp2tbDtq', 'la', '0946782293', NULL, 'admin'),
(13, '77', '88', '789@admin.gmail.com', '$2y$10$1Ao.5Yb9/8Hova32QFB1hOBeFbTZipqD//ZZm8X0qbFKbodlcAJE.', '55', '0123456799', NULL, 'admin'),
(14, '77', '88', 'khaaa@gmail.com', '$2y$10$q0./T/W0l.BsZtomVC6eE.Acr9IRO9FjZ9xL.Fi7LhApm/dT9CSRq', '77', '0123456779', NULL, 'user'),
(16, 'Akkarapon', '77', 'kha77@gmail.com', '$2y$10$/g0Kxa73cGu2ptZMIF/vmOrx0Yq1RuOaIPX6eAThfm8sqB9XC22hq', '77', '0123456777', NULL, 'admin'),
(17, 'Akkarapon', '6', 'kha9@gmail.com', '$2y$10$jIxNrJ36VpGKozJTL9LymOPzjZD5OGHWElIytEdEBeXTmvthtqYb2', '9', '9', NULL, 'user'),
(18, 'hjos', 'sh', 'ss@gmail.com', '$2y$10$ah/oMySVamu7t96I1sEIYuwZRk7vL8tlAO1fVWvNGBdQe21RlMpxW', 'aa', '0935658741', NULL, 'user'),
(19, 'น้าขิง', 'น้าขิง', 'nakhing@gmail.com', '$2y$10$6yAsg9WavL3dVxX/qdTByuyZBXY.ukcWClqMARz8F7Tn9cFPLpm.G', '123', '123', NULL, 'user'),
(20, 'ขิง', 'ขิง', 'khing@gmail.com', '$2y$10$w4Fw1gyjFsMQ3590D8pqbOblYZ0ahsFucUGOAzQkeoBE2MV5vbSrO', '123', '123', NULL, 'user'),
(21, 'new', 'new', 'new@gmail.com', '$2y$10$h.7wSWZtkXIUU0PJbtoNZ.JifTujCwKCaCBigJ/NzTgNEMsT6xc8G', '22', '0123456789', NULL, 'user'),
(22, 'ภาวิตา', 'นนทะชาติ', 'pavitanon238@gmail.com', '$2y$10$F.ySC.WrPZUUmxMHksvKaO2aW1l6YF7O6IIZg0c0KG/Mo8xcN5FPW', '99', '0929300112', NULL, 'user'),
(23, 'Akkarapon', '88', 'khaa@gmail.com', '$2y$10$F0k6vhEwKPB8pac/k1cJW.O1KEfyErvfSCcrqpYZJ/G.fZCb6WIX.', NULL, '0123456779', NULL, 'user'),
(24, 'มาร์ติน', 'เข็มพิมาย', '67010974014@gmail.com', '$2y$10$ERbBMCosOFlYJb4xjn/a4eWipQrUrMZYZtx6p8GVwUKTs8tr92Vou', '101', '0658974655', NULL, 'user'),
(27, 'Boat7777', 'Boat7777', 'Boat@gmail.com', '$2y$10$UfsKRCLLAs6y.o0VivhwIO39iPJ.COn4kb5/4kUEpgiXZZUWC9gYG', '55หมู่ 4', '092930012', NULL, 'user'),
(28, 'Boat', '852', 'Boat852@gmail.com', '$2y$10$ADbYCqqMenKI/3ZRz8DrPe/SEkSMUurRB7DAGePvzVmu9h1tADTsS', '852', '0123456744', NULL, 'user'),
(29, 'Boat', 'Pompararat', 'Boat222@gmail.com', '$2y$10$NmX3lAPUMVP.hq/SqkaV5eTL4Z97qZKighy75m0xMtXYweuRugEQe', '222', '0258741367', '2018-01-09', 'user');

--
-- Indexes for dumped tables
--

--
-- Indexes for table `categories`
--
ALTER TABLE `categories`
  ADD PRIMARY KEY (`id`);

--
-- Indexes for table `orders`
--
ALTER TABLE `orders`
  ADD PRIMARY KEY (`id`),
  ADD KEY `user_id` (`user_id`);

--
-- Indexes for table `order_items`
--
ALTER TABLE `order_items`
  ADD PRIMARY KEY (`id`),
  ADD KEY `idx_order_id` (`order_id`),
  ADD KEY `idx_product_id` (`product_id`);

--
-- Indexes for table `products`
--
ALTER TABLE `products`
  ADD PRIMARY KEY (`id`),
  ADD KEY `category_id` (`category_id`);

--
-- Indexes for table `product_images`
--
ALTER TABLE `product_images`
  ADD PRIMARY KEY (`id`),
  ADD KEY `product_id` (`product_id`);

--
-- Indexes for table `promotions`
--
ALTER TABLE `promotions`
  ADD PRIMARY KEY (`id`);

--
-- Indexes for table `reviews`
--
ALTER TABLE `reviews`
  ADD PRIMARY KEY (`id`),
  ADD KEY `idx_product_id` (`product_id`),
  ADD KEY `idx_user_id` (`user_id`);

--
-- Indexes for table `user`
--
ALTER TABLE `user`
  ADD PRIMARY KEY (`user_id`),
  ADD UNIQUE KEY `email` (`email`);

--
-- AUTO_INCREMENT for dumped tables
--

--
-- AUTO_INCREMENT for table `categories`
--
ALTER TABLE `categories`
  MODIFY `id` int(11) NOT NULL AUTO_INCREMENT, AUTO_INCREMENT=13;

--
-- AUTO_INCREMENT for table `orders`
--
ALTER TABLE `orders`
  MODIFY `id` int(10) UNSIGNED NOT NULL AUTO_INCREMENT, AUTO_INCREMENT=17;

--
-- AUTO_INCREMENT for table `order_items`
--
ALTER TABLE `order_items`
  MODIFY `id` int(11) NOT NULL AUTO_INCREMENT, AUTO_INCREMENT=21;

--
-- AUTO_INCREMENT for table `products`
--
ALTER TABLE `products`
  MODIFY `id` int(11) NOT NULL AUTO_INCREMENT, AUTO_INCREMENT=59;

--
-- AUTO_INCREMENT for table `product_images`
--
ALTER TABLE `product_images`
  MODIFY `id` int(11) NOT NULL AUTO_INCREMENT, AUTO_INCREMENT=77;

--
-- AUTO_INCREMENT for table `promotions`
--
ALTER TABLE `promotions`
  MODIFY `id` int(11) NOT NULL AUTO_INCREMENT, AUTO_INCREMENT=3;

--
-- AUTO_INCREMENT for table `reviews`
--
ALTER TABLE `reviews`
  MODIFY `id` int(11) NOT NULL AUTO_INCREMENT;

--
-- AUTO_INCREMENT for table `user`
--
ALTER TABLE `user`
  MODIFY `user_id` int(11) NOT NULL AUTO_INCREMENT, AUTO_INCREMENT=30;

--
-- Constraints for dumped tables
--

--
-- Constraints for table `order_items`
--
ALTER TABLE `order_items`
  ADD CONSTRAINT `fk_order_items_order` FOREIGN KEY (`order_id`) REFERENCES `orders` (`id`) ON DELETE CASCADE ON UPDATE CASCADE,
  ADD CONSTRAINT `fk_order_items_product` FOREIGN KEY (`product_id`) REFERENCES `products` (`id`) ON DELETE CASCADE ON UPDATE CASCADE;

--
-- Constraints for table `products`
--
ALTER TABLE `products`
  ADD CONSTRAINT `fk_products_category` FOREIGN KEY (`category_id`) REFERENCES `categories` (`id`) ON DELETE CASCADE ON UPDATE CASCADE;

--
-- Constraints for table `product_images`
--
ALTER TABLE `product_images`
  ADD CONSTRAINT `product_images_ibfk_1` FOREIGN KEY (`product_id`) REFERENCES `products` (`id`) ON DELETE CASCADE;

--
-- Constraints for table `reviews`
--
ALTER TABLE `reviews`
  ADD CONSTRAINT `fk_reviews_product` FOREIGN KEY (`product_id`) REFERENCES `products` (`id`) ON DELETE CASCADE ON UPDATE CASCADE,
  ADD CONSTRAINT `fk_reviews_user` FOREIGN KEY (`user_id`) REFERENCES `user` (`user_id`) ON DELETE CASCADE ON UPDATE CASCADE;
COMMIT;

/*!40101 SET CHARACTER_SET_CLIENT=@OLD_CHARACTER_SET_CLIENT */;
/*!40101 SET CHARACTER_SET_RESULTS=@OLD_CHARACTER_SET_RESULTS */;
/*!40101 SET COLLATION_CONNECTION=@OLD_COLLATION_CONNECTION */;
